时间 , 输入电压/mV , 输入电流/mA , 输入耗电量/mA , 输入电芯1/mV , 输入电芯2/mV , 输入电芯3/mV , 输入电芯4/mV , 输入电芯5/mV , 输入电芯6/mV , #1输出电压/mV ,#1输出电流/mA , #1输出功率/mW , #1输出转速/r , #1输出PWM ,#2输出电压/mV ,#2输出电流/mA , #2输出功率/mW , #2输出转速/r , #2输出PWM ,#3输出电压/mV ,#3输出电流/mA , #3输出功率/mW , #3输出转速/r , #3输出PWM ,#4输出电压/mV ,#4输出电流/mA , #4输出功率/mW , #4输出转速/r , #4输出PWM ,#5输出电压/mV ,#5输出电流/mA , #5输出功率/mW , #5输出转速/r , #5输出PWM ,#6输出电压/mV ,#6输出电流/mA , #6输出功率/mW , #6输出转速/r , #6输出PWM ,#7输出电压/mV ,#7输出电流/mA , #7输出功率/mW , #7输出转速/r , #7输出PWM ,#8输出电压/mV ,#8输出电流/mA , #8输出功率/mW , #8输出转速/r , #8输出PWM ,#9输出电压/mV ,#9输出电流/mA , #9输出功率/mW , #9输出转速/r , #9输出PWM ,#10输出电压/mV ,#10输出电流/mA , #10输出功率/mW , #10输出转速/r , #10输出PWM , 
572208, 0, 0, 0, 0, 0, 0, 0, 0, 0 , 10, 0, 0, 2, 0, 0, 0, 0, 0, 0, 0, 0, 0, 0, 0, 0, 0, 0, 0, 0, 6, 13, 0, 21, 0, 0, 0, 0, 0, 0, 0, 0, 0, 0, 0, 0, 0, 0, 0, 0, 12, 2, 0, 13, 0, 0, 0, 0, 0, 0
572268, 0, 0, 0, 0, 0, 0, 0, 0, 0 , 10, 0, 0, 2, 0, 0, 0, 0, 0, 0, 0, 0, 0, 0, 0, 0, 0, 0, 0, 0, 7, 6, 0, 21, 0, 0, 0, 0, 0, 0, 0, 0, 0, 0, 0, 0, 0, 0, 0, 0, 10, 6, 0, 13, 0, 0, 0, 0, 0, 0
572448, 0, 0, 0, 0, 0, 0, 0, 0, 0 , 10, 6, 0, 2, 0, 0, 0, 0, 0, 0, 0, 0, 0, 0, 0, 0, 0, 0, 0, 0, 7, 6, 0, 21, 0, 0, 0, 0, 0, 0, 0, 0, 0, 0, 0, 0, 0, 0, 0, 0, 11, 4, 0, 13, 0, 0, 0, 0, 0, 0
572470, 0, 0, 0, 0, 0, 0, 0, 0, 0 , 10, 0, 0, 2, 0, 0, 0, 0, 0, 0, 0, 0, 0, 0, 0, 0, 0, 0, 0, 0, 5, 16, 0, 21, 0, 0, 0, 0, 0, 0, 0, 0, 0, 0, 0, 0, 0, 0, 0, 0, 11, 6, 0, 13, 0, 0, 0, 0, 0, 0
572488, 0, 0, 0, 0, 0, 0, 0, 0, 0 , 11, 0, 0, 2, 0, 0, 0, 0, 0, 0, 0, 0, 0, 0, 0, 0, 0, 0, 0, 0, 6, 13, 0, 21, 0, 0, 0, 0, 0, 0, 0, 0, 0, 0, 0, 0, 0, 0, 0, 0, 13, 3, 0, 13, 0, 0, 0, 0, 0, 0
572508, 0, 0, 0, 0, 0, 0, 0, 0, 0 , 10, 0, 0, 2, 0, 0, 0, 0, 0, 0, 0, 0, 0, 0, 0, 0, 0, 0, 0, 0, 6, 6, 0, 21, 0, 0, 0, 0, 0, 0, 0, 0, 0, 0, 0, 0, 0, 0, 0, 0, 10, 4, 0, 13, 0, 0, 0, 0, 0, 0
572528, 0, 0, 0, 0, 0, 0, 0, 0, 0 , 10, 0, 0, 2, 0, 0, 0, 0, 0, 0, 0, 0, 0, 0, 0, 0, 0, 0, 0, 0, 3, 6, 0, 21, 0, 0, 0, 0, 0, 0, 0, 0, 0, 0, 0, 0, 0, 0, 0, 0, 12, 2, 0, 13, 0, 0, 0, 0, 0, 0
572568, 0, 0, 0, 0, 0, 0, 0, 0, 0 , 10, 0, 0, 2, 0, 0, 0, 0, 0, 0, 0, 0, 0, 0, 0, 0, 0, 0, 0, 0, 6, 6, 0, 21, 0, 0, 0, 0, 0, 0, 0, 0, 0, 0, 0, 0, 0, 0, 0, 0, 12, 3, 0, 13, 0, 0, 0, 0, 0, 0
572588, 0, 0, 0, 0, 0, 0, 0, 0, 0 , 10, 0, 0, 2, 0, 0, 0, 0, 0, 0, 0, 0, 0, 0, 0, 0, 0, 0, 0, 0, 3, 13, 0, 21, 0, 0, 0, 0, 0, 0, 0, 0, 0, 0, 0, 0, 0, 0, 0, 0, 11, 6, 0, 13, 0, 0, 0, 0, 0, 0
572620, 0, 0, 0, 0, 0, 0, 0, 0, 0 , 10, 0, 0, 2, 0, 0, 0, 0, 0, 0, 0, 0, 0, 0, 0, 0, 0, 0, 0, 0, 5, 6, 0, 21, 0, 0, 0, 0, 0, 0, 0, 0, 0, 0, 0, 0, 0, 0, 0, 0, 10, 4, 0, 13, 0, 0, 0, 0, 0, 0
572648, 0, 0, 0, 0, 0, 0, 0, 0, 0 , 10, 0, 0, 2, 0, 0, 0, 0, 0, 0, 0, 0, 0, 0, 0, 0, 0, 0, 0, 0, 3, 6, 0, 21, 0, 0, 0, 0, 0, 0, 0, 0, 0, 0, 0, 0, 0, 0, 0, 0, 11, 3, 0, 13, 0, 0, 0, 0, 0, 0
572668, 0, 0, 0, 0, 0, 0, 0, 0, 0 , 10, 0, 0, 2, 0, 0, 0, 0, 0, 0, 0, 0, 0, 0, 0, 0, 0, 0, 0, 0, 7, 6, 0, 21, 0, 0, 0, 0, 0, 0, 0, 0, 0, 0, 0, 0, 0, 0, 0, 0, 11, 3, 0, 13, 0, 0, 0, 0, 0, 0
572688, 0, 0, 0, 0, 0, 0, 0, 0, 0 , 10, 0, 0, 2, 0, 0, 0, 0, 0, 0, 0, 0, 0, 0, 0, 0, 0, 0, 0, 0, 7, 0, 0, 21, 0, 0, 0, 0, 0, 0, 0, 0, 0, 0, 0, 0, 0, 0, 0, 0, 10, 4, 0, 13, 0, 0, 0, 0, 0, 0
572708, 0, 0, 0, 0, 0, 0, 0, 0, 0 , 10, 0, 0, 2, 0, 0, 0, 0, 0, 0, 0, 0, 0, 0, 0, 0, 0, 0, 0, 0, 7, 6, 0, 21, 0, 0, 0, 0, 0, 0, 0, 0, 0, 0, 0, 0, 0, 0, 0, 0, 13, 2, 0, 13, 0, 0, 0, 0, 0, 0
572920, 0, 0, 0, 0, 0, 0, 0, 0, 0 , 10, 0, 0, 2, 0, 0, 0, 0, 0, 0, 0, 0, 0, 0, 0, 0, 0, 0, 0, 0, 2, 6, 0, 21, 0, 0, 0, 0, 0, 0, 0, 0, 0, 0, 0, 0, 0, 0, 0, 0, 11, 4, 0, 13, 0, 0, 0, 0, 0, 0
572948, 0, 0, 0, 0, 0, 0, 0, 0, 0 , 10, 0, 0, 2, 0, 0, 0, 0, 0, 0, 0, 0, 0, 0, 0, 0, 0, 0, 0, 0, 5, 6, 0, 21, 0, 0, 0, 0, 0, 0, 0, 0, 0, 0, 0, 0, 0, 0, 0, 0, 12, 3, 0, 13, 0, 0, 0, 0, 0, 0
573070, 0, 0, 0, 0, 0, 0, 0, 0, 0 , 10, 6, 0, 2, 0, 0, 0, 0, 0, 0, 0, 0, 0, 0, 0, 0, 0, 0, 0, 0, 5, 6, 0, 21, 0, 0, 0, 0, 0, 0, 0, 0, 0, 0, 0, 0, 0, 0, 0, 0, 13, 3, 0, 13, 0, 0, 0, 0, 0, 0
573088, 0, 0, 0, 0, 0, 0, 0, 0, 0 , 10, 0, 0, 2, 0, 0, 0, 0, 0, 0, 0, 0, 0, 0, 0, 0, 0, 0, 0, 0, 3, 6, 0, 21, 0, 0, 0, 0, 0, 0, 0, 0, 0, 0, 0, 0, 0, 0, 0, 0, 8, 4, 0, 13, 0, 0, 0, 0, 0, 0
573108, 0, 0, 0, 0, 0, 0, 0, 0, 0 , 10, 0, 0, 2, 0, 0, 0, 0, 0, 0, 0, 0, 0, 0, 0, 0, 0, 0, 0, 0, 3, 6, 0, 21, 0, 0, 0, 0, 0, 0, 0, 0, 0, 0, 0, 0, 0, 0, 0, 0, 7, 2, 0, 13, 0, 0, 0, 0, 0, 0
573128, 0, 0, 0, 0, 0, 0, 0, 0, 0 , 11, 0, 0, 2, 0, 0, 0, 0, 0, 0, 0, 0, 0, 0, 0, 0, 0, 0, 0, 0, 7, 6, 0, 21, 0, 0, 0, 0, 0, 0, 0, 0, 0, 0, 0, 0, 0, 0, 0, 0, 12, 6, 0, 13, 0, 0, 0, 0, 0, 0
573148, 0, 0, 0, 0, 0, 0, 0, 0, 0 , 10, 0, 0, 2, 0, 0, 0, 0, 0, 0, 0, 0, 0, 0, 0, 0, 0, 0, 0, 0, 2, 6, 0, 21, 0, 0, 0, 0, 0, 0, 0, 0, 0, 0, 0, 0, 0, 0, 0, 0, 11, 3, 0, 13, 0, 0, 0, 0, 0, 0
573168, 0, 0, 0, 0, 0, 0, 0, 0, 0 , 11, 0, 0, 2, 0, 0, 0, 0, 0, 0, 0, 0, 0, 0, 0, 0, 0, 0, 0, 0, 6, 6, 0, 21, 0, 0, 0, 0, 0, 0, 0, 0, 0, 0, 0, 0, 0, 0, 0, 0, 12, 3, 0, 13, 0, 0, 0, 0, 0, 0
573188, 0, 0, 0, 0, 0, 0, 0, 0, 0 , 10, 0, 0, 2, 0, 0, 0, 0, 0, 0, 0, 0, 0, 0, 0, 0, 0, 0, 0, 0, 5, 0, 0, 21, 0, 0, 0, 0, 0, 0, 0, 0, 0, 0, 0, 0, 0, 0, 0, 0, 12, 3, 0, 13, 0, 0, 0, 0, 0, 0
573220, 0, 0, 0, 0, 0, 0, 0, 0, 0 , 10, 0, 0, 2, 0, 0, 0, 0, 0, 0, 0, 0, 0, 0, 0, 0, 0, 0, 0, 0, 6, 13, 0, 21, 0, 0, 0, 0, 0, 0, 0, 0, 0, 0, 0, 0, 0, 0, 0, 0, 11, 4, 0, 13, 0, 0, 0, 0, 0, 0
573248, 0, 0, 0, 0, 0, 0, 0, 0, 0 , 11, 6, 0, 2, 0, 0, 0, 0, 0, 0, 0, 0, 0, 0, 0, 0, 0, 0, 0, 0, 8, 6, 0, 21, 0, 0, 0, 0, 0, 0, 0, 0, 0, 0, 0, 0, 0, 0, 0, 0, 8, 4, 0, 13, 0, 0, 0, 0, 0, 0
573268, 0, 0, 0, 0, 0, 0, 0, 0, 0 , 10, 0, 0, 2, 0, 0, 0, 0, 0, 0, 0, 0, 0, 0, 0, 0, 0, 0, 0, 0, 8, 6, 0, 21, 0, 0, 0, 0, 0, 0, 0, 0, 0, 0, 0, 0, 0, 0, 0, 0, 12, 4, 0, 13, 0, 0, 0, 0, 0, 0
573288, 0, 0, 0, 0, 0, 0, 0, 0, 0 , 10, 0, 0, 2, 0, 0, 0, 0, 0, 0, 0, 0, 0, 0, 0, 0, 0, 0, 0, 0, 5, 6, 0, 21, 0, 0, 0, 0, 0, 0, 0, 0, 0, 0, 0, 0, 0, 0, 0, 0, 12, 4, 0, 13, 0, 0, 0, 0, 0, 0
573308, 0, 0, 0, 0, 0, 0, 0, 0, 0 , 10, 0, 0, 2, 0, 0, 0, 0, 0, 0, 0, 0, 0, 0, 0, 0, 0, 0, 0, 0, 6, 0, 0, 21, 0, 0, 0, 0, 0, 0, 0, 0, 0, 0, 0, 0, 0, 0, 0, 0, 11, 4, 0, 13, 0, 0, 0, 0, 0, 0
573328, 0, 0, 0, 0, 0, 0, 0, 0, 0 , 10, 0, 0, 2, 0, 0, 0, 0, 0, 0, 0, 0, 0, 0, 0, 0, 0, 0, 0, 0, 5, 6, 0, 21, 0, 0, 0, 0, 0, 0, 0, 0, 0, 0, 0, 0, 0, 0, 0, 0, 7, 7, 0, 13, 0, 0, 0, 0, 0, 0
573348, 0, 0, 0, 0, 0, 0, 0, 0, 0 , 10, 0, 0, 2, 0, 0, 0, 0, 0, 0, 0, 0, 0, 0, 0, 0, 0, 0, 0, 0, 3, 13, 0, 21, 0, 0, 0, 0, 0, 0, 0, 0, 0, 0, 0, 0, 0, 0, 0, 0, 10, 4, 0, 13, 0, 0, 0, 0, 0, 0
573370, 0, 0, 0, 0, 0, 0, 0, 0, 0 , 11, 0, 0, 2, 0, 0, 0, 0, 0, 0, 0, 0, 0, 0, 0, 0, 0, 0, 0, 0, 7, 6, 0, 21, 0, 0, 0, 0, 0, 0, 0, 0, 0, 0, 0, 0, 0, 0, 0, 0, 13, 7, 0, 13, 0, 0, 0, 0, 0, 0
573388, 0, 0, 0, 0, 0, 0, 0, 0, 0 , 10, 0, 0, 2, 0, 0, 0, 0, 0, 0, 0, 0, 0, 0, 0, 0, 0, 0, 0, 0, 3, 13, 0, 21, 0, 0, 0, 0, 0, 0, 0, 0, 0, 0, 0, 0, 0, 0, 0, 0, 11, 4, 0, 13, 0, 0, 0, 0, 0, 0
573408, 0, 0, 0, 0, 0, 0, 0, 0, 0 , 10, 0, 0, 2, 0, 0, 0, 0, 0, 0, 0, 0, 0, 0, 0, 0, 0, 0, 0, 0, 8, 6, 0, 21, 0, 0, 0, 0, 0, 0, 0, 0, 0, 0, 0, 0, 0, 0, 0, 0, 11, 3, 0, 13, 0, 0, 0, 0, 0, 0
573428, 0, 0, 0, 0, 0, 0, 0, 0, 0 , 10, 0, 0, 2, 0, 0, 0, 0, 0, 0, 0, 0, 0, 0, 0, 0, 0, 0, 0, 0, 5, 13, 0, 21, 0, 0, 0, 0, 0, 0, 0, 0, 0, 0, 0, 0, 0, 0, 0, 0, 8, 4, 0, 13, 0, 0, 0, 0, 0, 0
573448, 0, 0, 0, 0, 0, 0, 0, 0, 0 , 8, 6, 0, 2, 0, 0, 0, 0, 0, 0, 0, 0, 0, 0, 0, 0, 0, 0, 0, 0, 8, 13, 0, 21, 0, 0, 0, 0, 0, 0, 0, 0, 0, 0, 0, 0, 0, 0, 0, 0, 11, 6, 0, 13, 0, 0, 0, 0, 0, 0
573468, 0, 0, 0, 0, 0, 0, 0, 0, 0 , 10, 0, 0, 2, 0, 0, 0, 0, 0, 0, 0, 0, 0, 0, 0, 0, 0, 0, 0, 0, 5, 6, 0, 21, 0, 0, 0, 0, 0, 0, 0, 0, 0, 0, 0, 0, 0, 0, 0, 0, 8, 3, 0, 13, 0, 0, 0, 0, 0, 0
573488, 0, 0, 0, 0, 0, 0, 0, 0, 0 , 11, 0, 0, 2, 0, 0, 0, 0, 0, 0, 0, 0, 0, 0, 0, 0, 0, 0, 0, 0, 7, 6, 0, 21, 0, 0, 0, 0, 0, 0, 0, 0, 0, 0, 0, 0, 0, 0, 0, 0, 10, 6, 0, 13, 0, 0, 0, 0, 0, 0
573520, 0, 0, 0, 0, 0, 0, 0, 0, 0 , 10, 0, 0, 2, 0, 0, 0, 0, 0, 0, 0, 0, 0, 0, 0, 0, 0, 0, 0, 0, 5, 0, 0, 21, 0, 0, 0, 0, 0, 0, 0, 0, 0, 0, 0, 0, 0, 0, 0, 0, 10, 4, 0, 13, 0, 0, 0, 0, 0, 0
573548, 0, 0, 0, 0, 0, 0, 0, 0, 0 , 10, 6, 0, 2, 0, 0, 0, 0, 0, 0, 0, 0, 0, 0, 0, 0, 0, 0, 0, 0, 5, 6, 0, 21, 0, 0, 0, 0, 0, 0, 0, 0, 0, 0, 0, 0, 0, 0, 0, 0, 10, 6, 0, 13, 0, 0, 0, 0, 0, 0
573568, 0, 0, 0, 0, 0, 0, 0, 0, 0 , 10, 6, 0, 2, 0, 0, 0, 0, 0, 0, 0, 0, 0, 0, 0, 0, 0, 0, 0, 0, 3, 13, 0, 21, 0, 0, 0, 0, 0, 0, 0, 0, 0, 0, 0, 0, 0, 0, 0, 0, 11, 6, 0, 13, 0, 0, 0, 0, 0, 0
573588, 0, 0, 0, 0, 0, 0, 0, 0, 0 , 10, 0, 0, 2, 0, 0, 0, 0, 0, 0, 0, 0, 0, 0, 0, 0, 0, 0, 0, 0, 7, 6, 0, 21, 0, 0, 0, 0, 0, 0, 0, 0, 0, 0, 0, 0, 0, 0, 0, 0, 12, 7, 0, 13, 0, 0, 0, 0, 0, 0
573608, 0, 0, 0, 0, 0, 0, 0, 0, 0 , 10, 0, 0, 2, 0, 0, 0, 0, 0, 0, 0, 0, 0, 0, 0, 0, 0, 0, 0, 0, 6, 6, 0, 21, 0, 0, 0, 0, 0, 0, 0, 0, 0, 0, 0, 0, 0, 0, 0, 0, 8, 4, 0, 13, 0, 0, 0, 0, 0, 0
573628, 0, 0, 0, 0, 0, 0, 0, 0, 0 , 10, 0, 0, 2, 0, 0, 0, 0, 0, 0, 0, 0, 0, 0, 0, 0, 0, 0, 0, 0, 6, 6, 0, 21, 0, 0, 0, 0, 0, 0, 0, 0, 0, 0, 0, 0, 0, 0, 0, 0, 11, 4, 0, 13, 0, 0, 0, 0, 0, 0
573648, 0, 0, 0, 0, 0, 0, 0, 0, 0 , 10, 0, 0, 2, 0, 0, 0, 0, 0, 0, 0, 0, 0, 0, 0, 0, 0, 0, 0, 0, 2, 13, 0, 21, 0, 0, 0, 0, 0, 0, 0, 0, 0, 0, 0, 0, 0, 0, 0, 0, 10, 6, 0, 13, 0, 0, 0, 0, 0, 0
573670, 0, 0, 0, 0, 0, 0, 0, 0, 0 , 11, 0, 0, 2, 0, 0, 0, 0, 0, 0, 0, 0, 0, 0, 0, 0, 0, 0, 0, 0, 8, 6, 0, 21, 0, 0, 0, 0, 0, 0, 0, 0, 0, 0, 0, 0, 0, 0, 0, 0, 11, 4, 0, 13, 0, 0, 0, 0, 0, 0
573688, 0, 0, 0, 0, 0, 0, 0, 0, 0 , 10, 6, 0, 2, 0, 0, 0, 0, 0, 0, 0, 0, 0, 0, 0, 0, 0, 0, 0, 0, 1, 6, 0, 21, 0, 0, 0, 0, 0, 0, 0, 0, 0, 0, 0, 0, 0, 0, 0, 0, 12, 6, 0, 13, 0, 0, 0, 0, 0, 0
573708, 0, 0, 0, 0, 0, 0, 0, 0, 0 , 10, 0, 0, 2, 0, 0, 0, 0, 0, 0, 0, 0, 0, 0, 0, 0, 0, 0, 0, 0, 8, 6, 0, 21, 0, 0, 0, 0, 0, 0, 0, 0, 0, 0, 0, 0, 0, 0, 0, 0, 13, 4, 0, 13, 0, 0, 0, 0, 0, 0
573728, 0, 0, 0, 0, 0, 0, 0, 0, 0 , 10, 0, 0, 2, 0, 0, 0, 0, 0, 0, 0, 0, 0, 0, 0, 0, 0, 0, 0, 0, 6, 0, 0, 21, 0, 0, 0, 0, 0, 0, 0, 0, 0, 0, 0, 0, 0, 0, 0, 0, 10, 3, 0, 13, 0, 0, 0, 0, 0, 0
573748, 0, 0, 0, 0, 0, 0, 0, 0, 0 , 10, 0, 0, 2, 0, 0, 0, 0, 0, 0, 0, 0, 0, 0, 0, 0, 0, 0, 0, 0, 6, 6, 0, 21, 0, 0, 0, 0, 0, 0, 0, 0, 0, 0, 0, 0, 0, 0, 0, 0, 10, 3, 0, 13, 0, 0, 0, 0, 0, 0
573768, 0, 0, 0, 0, 0, 0, 0, 0, 0 , 11, 0, 0, 2, 0, 0, 0, 0, 0, 0, 0, 0, 0, 0, 0, 0, 0, 0, 0, 0, 6, 0, 0, 21, 0, 0, 0, 0, 0, 0, 0, 0, 0, 0, 0, 0, 0, 0, 0, 0, 11, 6, 0, 13, 0, 0, 0, 0, 0, 0
573788, 0, 0, 0, 0, 0, 0, 0, 0, 0 , 10, 0, 0, 2, 0, 0, 0, 0, 0, 0, 0, 0, 0, 0, 0, 0, 0, 0, 0, 0, 5, 13, 0, 21, 0, 0, 0, 0, 0, 0, 0, 0, 0, 0, 0, 0, 0, 0, 0, 0, 12, 6, 0, 13, 0, 0, 0, 0, 0, 0
573820, 0, 0, 0, 0, 0, 0, 0, 0, 0 , 10, 6, 0, 2, 0, 0, 0, 0, 0, 0, 0, 0, 0, 0, 0, 0, 0, 0, 0, 0, 7, 6, 0, 21, 0, 0, 0, 0, 0, 0, 0, 0, 0, 0, 0, 0, 0, 0, 0, 0, 6, 3, 0, 13, 0, 0, 0, 0, 0, 0
573848, 0, 0, 0, 0, 0, 0, 0, 0, 0 , 10, 0, 0, 2, 0, 0, 0, 0, 0, 0, 0, 0, 0, 0, 0, 0, 0, 0, 0, 0, 5, 6, 0, 21, 0, 0, 0, 0, 0, 0, 0, 0, 0, 0, 0, 0, 0, 0, 0, 0, 11, 6, 0, 13, 0, 0, 0, 0, 0, 0
573868, 0, 0, 0, 0, 0, 0, 0, 0, 0 , 10, 0, 0, 2, 0, 0, 0, 0, 0, 0, 0, 0, 0, 0, 0, 0, 0, 0, 0, 0, 6, 6, 0, 21, 0, 0, 0, 0, 0, 0, 0, 0, 0, 0, 0, 0, 0, 0, 0, 0, 8, 3, 0, 13, 0, 0, 0, 0, 0, 0
573888, 0, 0, 0, 0, 0, 0, 0, 0, 0 , 10, 0, 0, 2, 0, 0, 0, 0, 0, 0, 0, 0, 0, 0, 0, 0, 0, 0, 0, 0, 7, 13, 0, 21, 0, 0, 0, 0, 0, 0, 0, 0, 0, 0, 0, 0, 0, 0, 0, 0, 12, 3, 0, 13, 0, 0, 0, 0, 0, 0
573908, 0, 0, 0, 0, 0, 0, 0, 0, 0 , 10, 0, 0, 2, 0, 0, 0, 0, 0, 0, 0, 0, 0, 0, 0, 0, 0, 0, 0, 0, 3, 16, 0, 21, 0, 0, 0, 0, 0, 0, 0, 0, 0, 0, 0, 0, 0, 0, 0, 0, 11, 6, 0, 13, 0, 0, 0, 0, 0, 0
573928, 0, 0, 0, 0, 0, 0, 0, 0, 0 , 11, 0, 0, 2, 0, 0, 0, 0, 0, 0, 0, 0, 0, 0, 0, 0, 0, 0, 0, 0, 3, 6, 0, 21, 0, 0, 0, 0, 0, 0, 0, 0, 0, 0, 0, 0, 0, 0, 0, 0, 12, 3, 0, 13, 0, 0, 0, 0, 0, 0
573948, 0, 0, 0, 0, 0, 0, 0, 0, 0 , 10, 6, 0, 2, 0, 0, 0, 0, 0, 0, 0, 0, 0, 0, 0, 0, 0, 0, 0, 0, 7, 6, 0, 21, 0, 0, 0, 0, 0, 0, 0, 0, 0, 0, 0, 0, 0, 0, 0, 0, 10, 3, 0, 13, 0, 0, 0, 0, 0, 0
573970, 0, 0, 0, 0, 0, 0, 0, 0, 0 , 10, 0, 0, 2, 0, 0, 0, 0, 0, 0, 0, 0, 0, 0, 0, 0, 0, 0, 0, 0, 3, 6, 0, 21, 0, 0, 0, 0, 0, 0, 0, 0, 0, 0, 0, 0, 0, 0, 0, 0, 11, 4, 0, 13, 0, 0, 0, 0, 0, 0
573988, 0, 0, 0, 0, 0, 0, 0, 0, 0 , 11, 0, 0, 2, 0, 0, 0, 0, 0, 0, 0, 0, 0, 0, 0, 0, 0, 0, 0, 0, 5, 6, 0, 21, 0, 0, 0, 0, 0, 0, 0, 0, 0, 0, 0, 0, 0, 0, 0, 0, 8, 4, 0, 13, 0, 0, 0, 0, 0, 0
574008, 0, 0, 0, 0, 0, 0, 0, 0, 0 , 10, 0, 0, 2, 0, 0, 0, 0, 0, 0, 0, 0, 0, 0, 0, 0, 0, 0, 0, 0, 7, 6, 0, 21, 0, 0, 0, 0, 0, 0, 0, 0, 0, 0, 0, 0, 0, 0, 0, 0, 11, 3, 0, 13, 0, 0, 0, 0, 0, 0
574028, 0, 0, 0, 0, 0, 0, 0, 0, 0 , 10, 0, 0, 2, 0, 0, 0, 0, 0, 0, 0, 0, 0, 0, 0, 0, 0, 0, 0, 0, 6, 6, 0, 21, 0, 0, 0, 0, 0, 0, 0, 0, 0, 0, 0, 0, 0, 0, 0, 0, 11, 4, 0, 13, 0, 0, 0, 0, 0, 0
574048, 0, 0, 0, 0, 0, 0, 0, 0, 0 , 10, 0, 0, 2, 0, 0, 0, 0, 0, 0, 0, 0, 0, 0, 0, 0, 0, 0, 0, 0, 7, 0, 0, 21, 0, 0, 0, 0, 0, 0, 0, 0, 0, 0, 0, 0, 0, 0, 0, 0, 10, 4, 0, 13, 0, 0, 0, 0, 0, 0
574068, 0, 0, 0, 0, 0, 0, 0, 0, 0 , 10, 6, 0, 2, 0, 0, 0, 0, 0, 0, 0, 0, 0, 0, 0, 0, 0, 0, 0, 0, 3, 0, 0, 21, 0, 0, 0, 0, 0, 0, 0, 0, 0, 0, 0, 0, 0, 0, 0, 0, 11, 3, 0, 13, 0, 0, 0, 0, 0, 0
574088, 0, 0, 0, 0, 0, 0, 0, 0, 0 , 8, 0, 0, 2, 0, 0, 0, 0, 0, 0, 0, 0, 0, 0, 0, 0, 0, 0, 0, 0, 6, 16, 0, 21, 0, 0, 0, 0, 0, 0, 0, 0, 0, 0, 0, 0, 0, 0, 0, 0, 10, 4, 0, 13, 0, 0, 0, 0, 0, 0
574120, 0, 0, 0, 0, 0, 0, 0, 0, 0 , 10, 0, 0, 2, 0, 0, 0, 0, 0, 0, 0, 0, 0, 0, 0, 0, 0, 0, 0, 0, 3, 6, 0, 21, 0, 0, 0, 0, 0, 0, 0, 0, 0, 0, 0, 0, 0, 0, 0, 0, 11, 4, 0, 13, 0, 0, 0, 0, 0, 0
574148, 0, 0, 0, 0, 0, 0, 0, 0, 0 , 11, 0, 0, 2, 0, 0, 0, 0, 0, 0, 0, 0, 0, 0, 0, 0, 0, 0, 0, 0, 5, 6, 0, 21, 0, 0, 0, 0, 0, 0, 0, 0, 0, 0, 0, 0, 0, 0, 0, 0, 11, 3, 0, 13, 0, 0, 0, 0, 0, 0
574168, 0, 0, 0, 0, 0, 0, 0, 0, 0 , 10, 0, 0, 2, 0, 0, 0, 0, 0, 0, 0, 0, 0, 0, 0, 0, 0, 0, 0, 0, 6, 0, 0, 21, 0, 0, 0, 0, 0, 0, 0, 0, 0, 0, 0, 0, 0, 0, 0, 0, 12, 4, 0, 13, 0, 0, 0, 0, 0, 0
574188, 0, 0, 0, 0, 0, 0, 0, 0, 0 , 10, 6, 0, 2, 0, 0, 0, 0, 0, 0, 0, 0, 0, 0, 0, 0, 0, 0, 0, 0, 6, 0, 0, 21, 0, 0, 0, 0, 0, 0, 0, 0, 0, 0, 0, 0, 0, 0, 0, 0, 11, 3, 0, 13, 0, 0, 0, 0, 0, 0
574208, 0, 0, 0, 0, 0, 0, 0, 0, 0 , 10, 0, 0, 2, 0, 0, 0, 0, 0, 0, 0, 0, 0, 0, 0, 0, 0, 0, 0, 0, 3, 0, 0, 21, 0, 0, 0, 0, 0, 0, 0, 0, 0, 0, 0, 0, 0, 0, 0, 0, 11, 6, 0, 13, 0, 0, 0, 0, 0, 0
574228, 0, 0, 0, 0, 0, 0, 0, 0, 0 , 10, 0, 0, 2, 0, 0, 0, 0, 0, 0, 0, 0, 0, 0, 0, 0, 0, 0, 0, 0, 7, 6, 0, 21, 0, 0, 0, 0, 0, 0, 0, 0, 0, 0, 0, 0, 0, 0, 0, 0, 12, 3, 0, 13, 0, 0, 0, 0, 0, 0
574248, 0, 0, 0, 0, 0, 0, 0, 0, 0 , 10, 0, 0, 2, 0, 0, 0, 0, 0, 0, 0, 0, 0, 0, 0, 0, 0, 0, 0, 0, 3, 6, 0, 21, 0, 0, 0, 0, 0, 0, 0, 0, 0, 0, 0, 0, 0, 0, 0, 0, 10, 2, 0, 13, 0, 0, 0, 0, 0, 0
574270, 0, 0, 0, 0, 0, 0, 0, 0, 0 , 10, 0, 0, 2, 0, 0, 0, 0, 0, 0, 0, 0, 0, 0, 0, 0, 0, 0, 0, 0, 8, 6, 0, 21, 0, 0, 0, 0, 0, 0, 0, 0, 0, 0, 0, 0, 0, 0, 0, 0, 10, 6, 0, 13, 0, 0, 0, 0, 0, 0
574288, 0, 0, 0, 0, 0, 0, 0, 0, 0 , 10, 0, 0, 2, 0, 0, 0, 0, 0, 0, 0, 0, 0, 0, 0, 0, 0, 0, 0, 0, 6, 6, 0, 21, 0, 0, 0, 0, 0, 0, 0, 0, 0, 0, 0, 0, 0, 0, 0, 0, 12, 2, 0, 13, 0, 0, 0, 0, 0, 0
574308, 0, 0, 0, 0, 0, 0, 0, 0, 0 , 11, 0, 0, 2, 0, 0, 0, 0, 0, 0, 0, 0, 0, 0, 0, 0, 0, 0, 0, 0, 5, 0, 0, 21, 0, 0, 0, 0, 0, 0, 0, 0, 0, 0, 0, 0, 0, 0, 0, 0, 11, 4, 0, 13, 0, 0, 0, 0, 0, 0
574328, 0, 0, 0, 0, 0, 0, 0, 0, 0 , 10, 6, 0, 2, 0, 0, 0, 0, 0, 0, 0, 0, 0, 0, 0, 0, 0, 0, 0, 0, 5, 23, 0, 21, 0, 0, 0, 0, 0, 0, 0, 0, 0, 0, 0, 0, 0, 0, 0, 0, 12, 4, 0, 13, 0, 0, 0, 0, 0, 0
574348, 0, 0, 0, 0, 0, 0, 0, 0, 0 , 10, 0, 0, 2, 0, 0, 0, 0, 0, 0, 0, 0, 0, 0, 0, 0, 0, 0, 0, 0, 3, 6, 0, 21, 0, 0, 0, 0, 0, 0, 0, 0, 0, 0, 0, 0, 0, 0, 0, 0, 13, 6, 0, 13, 0, 0, 0, 0, 0, 0
574368, 0, 0, 0, 0, 0, 0, 0, 0, 0 , 10, 6, 0, 2, 0, 0, 0, 0, 0, 0, 0, 0, 0, 0, 0, 0, 0, 0, 0, 0, 6, 6, 0, 21, 0, 0, 0, 0, 0, 0, 0, 0, 0, 0, 0, 0, 0, 0, 0, 0, 12, 4, 0, 13, 0, 0, 0, 0, 0, 0
574388, 0, 0, 0, 0, 0, 0, 0, 0, 0 , 10, 0, 0, 2, 0, 0, 0, 0, 0, 0, 0, 0, 0, 0, 0, 0, 0, 0, 0, 0, 6, 6, 0, 21, 0, 0, 0, 0, 0, 0, 0, 0, 0, 0, 0, 0, 0, 0, 0, 0, 11, 3, 0, 13, 0, 0, 0, 0, 0, 0
574420, 0, 0, 0, 0, 0, 0, 0, 0, 0 , 11, 0, 0, 2, 0, 0, 0, 0, 0, 0, 0, 0, 0, 0, 0, 0, 0, 0, 0, 0, 6, 6, 0, 21, 0, 0, 0, 0, 0, 0, 0, 0, 0, 0, 0, 0, 0, 0, 0, 0, 13, 2, 0, 13, 0, 0, 0, 0, 0, 0
574448, 0, 0, 0, 0, 0, 0, 0, 0, 0 , 10, 6, 0, 2, 0, 0, 0, 0, 0, 0, 0, 0, 0, 0, 0, 0, 0, 0, 0, 0, 7, 6, 0, 21, 0, 0, 0, 0, 0, 0, 0, 0, 0, 0, 0, 0, 0, 0, 0, 0, 8, 3, 0, 13, 0, 0, 0, 0, 0, 0
574468, 0, 0, 0, 0, 0, 0, 0, 0, 0 , 10, 0, 0, 2, 0, 0, 0, 0, 0, 0, 0, 0, 0, 0, 0, 0, 0, 0, 0, 0, 5, 6, 0, 21, 0, 0, 0, 0, 0, 0, 0, 0, 0, 0, 0, 0, 0, 0, 0, 0, 11, 4, 0, 13, 0, 0, 0, 0, 0, 0
574488, 0, 0, 0, 0, 0, 0, 0, 0, 0 , 11, 0, 0, 2, 0, 0, 0, 0, 0, 0, 0, 0, 0, 0, 0, 0, 0, 0, 0, 0, 5, 6, 0, 21, 0, 0, 0, 0, 0, 0, 0, 0, 0, 0, 0, 0, 0, 0, 0, 0, 13, 3, 0, 13, 0, 0, 0, 0, 0, 0
574508, 0, 0, 0, 0, 0, 0, 0, 0, 0 , 11, 0, 0, 2, 0, 0, 0, 0, 0, 0, 0, 0, 0, 0, 0, 0, 0, 0, 0, 0, 6, 6, 0, 21, 0, 0, 0, 0, 0, 0, 0, 0, 0, 0, 0, 0, 0, 0, 0, 0, 11, 6, 0, 13, 0, 0, 0, 0, 0, 0
574528, 0, 0, 0, 0, 0, 0, 0, 0, 0 , 10, 0, 0, 2, 0, 0, 0, 0, 0, 0, 0, 0, 0, 0, 0, 0, 0, 0, 0, 0, 7, 6, 0, 21, 0, 0, 0, 0, 0, 0, 0, 0, 0, 0, 0, 0, 0, 0, 0, 0, 11, 3, 0, 13, 0, 0, 0, 0, 0, 0
574548, 0, 0, 0, 0, 0, 0, 0, 0, 0 , 10, 0, 0, 2, 0, 0, 0, 0, 0, 0, 0, 0, 0, 0, 0, 0, 0, 0, 0, 0, 6, 0, 0, 21, 0, 0, 0, 0, 0, 0, 0, 0, 0, 0, 0, 0, 0, 0, 0, 0, 13, 3, 0, 13, 0, 0, 0, 0, 0, 0
574570, 0, 0, 0, 0, 0, 0, 0, 0, 0 , 10, 0, 0, 2, 0, 0, 0, 0, 0, 0, 0, 0, 0, 0, 0, 0, 0, 0, 0, 0, 5, 6, 0, 21, 0, 0, 0, 0, 0, 0, 0, 0, 0, 0, 0, 0, 0, 0, 0, 0, 7, 4, 0, 13, 0, 0, 0, 0, 0, 0
574588, 0, 0, 0, 0, 0, 0, 0, 0, 0 , 10, 0, 0, 2, 0, 0, 0, 0, 0, 0, 0, 0, 0, 0, 0, 0, 0, 0, 0, 0, 6, 6, 0, 21, 0, 0, 0, 0, 0, 0, 0, 0, 0, 0, 0, 0, 0, 0, 0, 0, 11, 4, 0, 13, 0, 0, 0, 0, 0, 0
574608, 0, 0, 0, 0, 0, 0, 0, 0, 0 , 11, 6, 0, 2, 0, 0, 0, 0, 0, 0, 0, 0, 0, 0, 0, 0, 0, 0, 0, 0, 7, 0, 0, 21, 0, 0, 0, 0, 0, 0, 0, 0, 0, 0, 0, 0, 0, 0, 0, 0, 8, 6, 0, 13, 0, 0, 0, 0, 0, 0
574628, 0, 0, 0, 0, 0, 0, 0, 0, 0 , 10, 0, 0, 2, 0, 0, 0, 0, 0, 0, 0, 0, 0, 0, 0, 0, 0, 0, 0, 0, 5, 6, 0, 21, 0, 0, 0, 0, 0, 0, 0, 0, 0, 0, 0, 0, 0, 0, 0, 0, 13, 6, 0, 13, 0, 0, 0, 0, 0, 0
574648, 0, 0, 0, 0, 0, 0, 0, 0, 0 , 10, 0, 0, 2, 0, 0, 0, 0, 0, 0, 0, 0, 0, 0, 0, 0, 0, 0, 0, 0, 5, 0, 0, 21, 0, 0, 0, 0, 0, 0, 0, 0, 0, 0, 0, 0, 0, 0, 0, 0, 12, 4, 0, 13, 0, 0, 0, 0, 0, 0
574668, 0, 0, 0, 0, 0, 0, 0, 0, 0 , 11, 6, 0, 2, 0, 0, 0, 0, 0, 0, 0, 0, 0, 0, 0, 0, 0, 0, 0, 0, 7, 6, 0, 21, 0, 0, 0, 0, 0, 0, 0, 0, 0, 0, 0, 0, 0, 0, 0, 0, 10, 4, 0, 13, 0, 0, 0, 0, 0, 0
574688, 0, 0, 0, 0, 0, 0, 0, 0, 0 , 10, 0, 0, 2, 0, 0, 0, 0, 0, 0, 0, 0, 0, 0, 0, 0, 0, 0, 0, 0, 5, 6, 0, 21, 0, 0, 0, 0, 0, 0, 0, 0, 0, 0, 0, 0, 0, 0, 0, 0, 11, 4, 0, 13, 0, 0, 0, 0, 0, 0
574720, 0, 0, 0, 0, 0, 0, 0, 0, 0 , 10, 6, 0, 2, 0, 0, 0, 0, 0, 0, 0, 0, 0, 0, 0, 0, 0, 0, 0, 0, 6, 6, 0, 21, 0, 0, 0, 0, 0, 0, 0, 0, 0, 0, 0, 0, 0, 0, 0, 0, 8, 3, 0, 13, 0, 0, 0, 0, 0, 0
574748, 0, 0, 0, 0, 0, 0, 0, 0, 0 , 10, 0, 0, 2, 0, 0, 0, 0, 0, 0, 0, 0, 0, 0, 0, 0, 0, 0, 0, 0, 7, 6, 0, 21, 0, 0, 0, 0, 0, 0, 0, 0, 0, 0, 0, 0, 0, 0, 0, 0, 11, 3, 0, 13, 0, 0, 0, 0, 0, 0
574768, 0, 0, 0, 0, 0, 0, 0, 0, 0 , 10, 0, 0, 2, 0, 0, 0, 0, 0, 0, 0, 0, 0, 0, 0, 0, 0, 0, 0, 0, 6, 13, 0, 21, 0, 0, 0, 0, 0, 0, 0, 0, 0, 0, 0, 0, 0, 0, 0, 0, 10, 2, 0, 13, 0, 0, 0, 0, 0, 0
574788, 0, 0, 0, 0, 0, 0, 0, 0, 0 , 10, 0, 0, 2, 0, 0, 0, 0, 0, 0, 0, 0, 0, 0, 0, 0, 0, 0, 0, 0, 7, 0, 0, 21, 0, 0, 0, 0, 0, 0, 0, 0, 0, 0, 0, 0, 0, 0, 0, 0, 10, 4, 0, 13, 0, 0, 0, 0, 0, 0
574808, 0, 0, 0, 0, 0, 0, 0, 0, 0 , 10, 0, 0, 2, 0, 0, 0, 0, 0, 0, 0, 0, 0, 0, 0, 0, 0, 0, 0, 0, 6, 6, 0, 21, 0, 0, 0, 0, 0, 0, 0, 0, 0, 0, 0, 0, 0, 0, 0, 0, 11, 3, 0, 13, 0, 0, 0, 0, 0, 0
574828, 0, 0, 0, 0, 0, 0, 0, 0, 0 , 10, 0, 0, 2, 0, 0, 0, 0, 0, 0, 0, 0, 0, 0, 0, 0, 0, 0, 0, 0, 8, 0, 0, 21, 0, 0, 0, 0, 0, 0, 0, 0, 0, 0, 0, 0, 0, 0, 0, 0, 10, 7, 0, 13, 0, 0, 0, 0, 0, 0
574848, 0, 0, 0, 0, 0, 0, 0, 0, 0 , 11, 6, 0, 2, 0, 0, 0, 0, 0, 0, 0, 0, 0, 0, 0, 0, 0, 0, 0, 0, 6, 13, 0, 21, 0, 0, 0, 0, 0, 0, 0, 0, 0, 0, 0, 0, 0, 0, 0, 0, 11, 3, 0, 13, 0, 0, 0, 0, 0, 0
574870, 0, 0, 0, 0, 0, 0, 0, 0, 0 , 10, 0, 0, 2, 0, 0, 0, 0, 0, 0, 0, 0, 0, 0, 0, 0, 0, 0, 0, 0, 6, 13, 0, 21, 0, 0, 0, 0, 0, 0, 0, 0, 0, 0, 0, 0, 0, 0, 0, 0, 10, 4, 0, 13, 0, 0, 0, 0, 0, 0
574888, 0, 0, 0, 0, 0, 0, 0, 0, 0 , 11, 0, 0, 2, 0, 0, 0, 0, 0, 0, 0, 0, 0, 0, 0, 0, 0, 0, 0, 0, 7, 13, 0, 21, 0, 0, 0, 0, 0, 0, 0, 0, 0, 0, 0, 0, 0, 0, 0, 0, 11, 1, 0, 13, 0, 0, 0, 0, 0, 0
574908, 0, 0, 0, 0, 0, 0, 0, 0, 0 , 10, 6, 0, 2, 0, 0, 0, 0, 0, 0, 0, 0, 0, 0, 0, 0, 0, 0, 0, 0, 3, 0, 0, 21, 0, 0, 0, 0, 0, 0, 0, 0, 0, 0, 0, 0, 0, 0, 0, 0, 11, 4, 0, 13, 0, 0, 0, 0, 0, 0
574928, 0, 0, 0, 0, 0, 0, 0, 0, 0 , 10, 0, 0, 2, 0, 0, 0, 0, 0, 0, 0, 0, 0, 0, 0, 0, 0, 0, 0, 0, 3, 6, 0, 21, 0, 0, 0, 0, 0, 0, 0, 0, 0, 0, 0, 0, 0, 0, 0, 0, 12, 4, 0, 13, 0, 0, 0, 0, 0, 0
574968, 0, 0, 0, 0, 0, 0, 0, 0, 0 , 11, 0, 0, 2, 0, 0, 0, 0, 0, 0, 0, 0, 0, 0, 0, 0, 0, 0, 0, 0, 6, 6, 0, 21, 0, 0, 0, 0, 0, 0, 0, 0, 0, 0, 0, 0, 0, 0, 0, 0, 8, 6, 0, 13, 0, 0, 0, 0, 0, 0
574988, 0, 0, 0, 0, 0, 0, 0, 0, 0 , 10, 0, 0, 2, 0, 0, 0, 0, 0, 0, 0, 0, 0, 0, 0, 0, 0, 0, 0, 0, 6, 6, 0, 21, 0, 0, 0, 0, 0, 0, 0, 0, 0, 0, 0, 0, 0, 0, 0, 0, 11, 4, 0, 13, 0, 0, 0, 0, 0, 0
575028, 0, 0, 0, 0, 0, 0, 0, 0, 0 , 10, 6, 0, 2, 0, 0, 0, 0, 0, 0, 0, 0, 0, 0, 0, 0, 0, 0, 0, 0, 5, 6, 0, 21, 0, 0, 0, 0, 0, 0, 0, 0, 0, 0, 0, 0, 0, 0, 0, 0, 11, 3, 0, 13, 0, 0, 0, 0, 0, 0
575048, 0, 0, 0, 0, 0, 0, 0, 0, 0 , 10, 0, 0, 2, 0, 0, 0, 0, 0, 0, 0, 0, 0, 0, 0, 0, 0, 0, 0, 0, 3, 6, 0, 21, 0, 0, 0, 0, 0, 0, 0, 0, 0, 0, 0, 0, 0, 0, 0, 0, 8, 3, 0, 13, 0, 0, 0, 0, 0, 0
575068, 0, 0, 0, 0, 0, 0, 0, 0, 0 , 10, 0, 0, 2, 0, 0, 0, 0, 0, 0, 0, 0, 0, 0, 0, 0, 0, 0, 0, 0, 6, 13, 0, 21, 0, 0, 0, 0, 0, 0, 0, 0, 0, 0, 0, 0, 0, 0, 0, 0, 12, 3, 0, 13, 0, 0, 0, 0, 0, 0
575088, 0, 0, 0, 0, 0, 0, 0, 0, 0 , 10, 0, 0, 2, 0, 0, 0, 0, 0, 0, 0, 0, 0, 0, 0, 0, 0, 0, 0, 0, 7, 6, 0, 21, 0, 0, 0, 0, 0, 0, 0, 0, 0, 0, 0, 0, 0, 0, 0, 0, 8, 3, 0, 13, 0, 0, 0, 0, 0, 0
575108, 0, 0, 0, 0, 0, 0, 0, 0, 0 , 11, 0, 0, 2, 0, 0, 0, 0, 0, 0, 0, 0, 0, 0, 0, 0, 0, 0, 0, 0, 5, 6, 0, 21, 0, 0, 0, 0, 0, 0, 0, 0, 0, 0, 0, 0, 0, 0, 0, 0, 12, 4, 0, 13, 0, 0, 0, 0, 0, 0
575128, 0, 0, 0, 0, 0, 0, 0, 0, 0 , 10, 0, 0, 2, 0, 0, 0, 0, 0, 0, 0, 0, 0, 0, 0, 0, 0, 0, 0, 0, 5, 6, 0, 21, 0, 0, 0, 0, 0, 0, 0, 0, 0, 0, 0, 0, 0, 0, 0, 0, 10, 4, 0, 13, 0, 0, 0, 0, 0, 0
575148, 0, 0, 0, 0, 0, 0, 0, 0, 0 , 11, 0, 0, 2, 0, 0, 0, 0, 0, 0, 0, 0, 0, 0, 0, 0, 0, 0, 0, 0, 8, 13, 0, 21, 0, 0, 0, 0, 0, 0, 0, 0, 0, 0, 0, 0, 0, 0, 0, 0, 11, 3, 0, 13, 0, 0, 0, 0, 0, 0
575170, 0, 0, 0, 0, 0, 0, 0, 0, 0 , 10, 6, 0, 2, 0, 0, 0, 0, 0, 0, 0, 0, 0, 0, 0, 0, 0, 0, 0, 0, 6, 6, 0, 21, 0, 0, 0, 0, 0, 0, 0, 0, 0, 0, 0, 0, 0, 0, 0, 0, 12, 3, 0, 13, 0, 0, 0, 0, 0, 0
575188, 0, 0, 0, 0, 0, 0, 0, 0, 0 , 10, 0, 0, 2, 0, 0, 0, 0, 0, 0, 0, 0, 0, 0, 0, 0, 0, 0, 0, 0, 3, 6, 0, 21, 0, 0, 0, 0, 0, 0, 0, 0, 0, 0, 0, 0, 0, 0, 0, 0, 10, 6, 0, 13, 0, 0, 0, 0, 0, 0
575208, 0, 0, 0, 0, 0, 0, 0, 0, 0 , 10, 0, 0, 2, 0, 0, 0, 0, 0, 0, 0, 0, 0, 0, 0, 0, 0, 0, 0, 0, 7, 6, 0, 21, 0, 0, 0, 0, 0, 0, 0, 0, 0, 0, 0, 0, 0, 0, 0, 0, 11, 7, 0, 13, 0, 0, 0, 0, 0, 0
575228, 0, 0, 0, 0, 0, 0, 0, 0, 0 , 10, 0, 0, 2, 0, 0, 0, 0, 0, 0, 0, 0, 0, 0, 0, 0, 0, 0, 0, 0, 5, 13, 0, 21, 0, 0, 0, 0, 0, 0, 0, 0, 0, 0, 0, 0, 0, 0, 0, 0, 7, 4, 0, 13, 0, 0, 0, 0, 0, 0
575248, 0, 0, 0, 0, 0, 0, 0, 0, 0 , 11, 0, 0, 2, 0, 0, 0, 0, 0, 0, 0, 0, 0, 0, 0, 0, 0, 0, 0, 0, 3, 0, 0, 21, 0, 0, 0, 0, 0, 0, 0, 0, 0, 0, 0, 0, 0, 0, 0, 0, 13, 6, 0, 13, 0, 0, 0, 0, 0, 0
575268, 0, 0, 0, 0, 0, 0, 0, 0, 0 , 11, 0, 0, 2, 0, 0, 0, 0, 0, 0, 0, 0, 0, 0, 0, 0, 0, 0, 0, 0, 7, 13, 0, 21, 0, 0, 0, 0, 0, 0, 0, 0, 0, 0, 0, 0, 0, 0, 0, 0, 15, 4, 0, 13, 0, 0, 0, 0, 0, 0
575288, 0, 0, 0, 0, 0, 0, 0, 0, 0 , 10, 0, 0, 2, 0, 0, 0, 0, 0, 0, 0, 0, 0, 0, 0, 0, 0, 0, 0, 0, 5, 13, 0, 21, 0, 0, 0, 0, 0, 0, 0, 0, 0, 0, 0, 0, 0, 0, 0, 0, 13, 4, 0, 13, 0, 0, 0, 0, 0, 0
575320, 0, 0, 0, 0, 0, 0, 0, 0, 0 , 10, 0, 0, 2, 0, 0, 0, 0, 0, 0, 0, 0, 0, 0, 0, 0, 0, 0, 0, 0, 5, 6, 0, 21, 0, 0, 0, 0, 0, 0, 0, 0, 0, 0, 0, 0, 0, 0, 0, 0, 10, 4, 0, 13, 0, 0, 0, 0, 0, 0
575368, 0, 0, 0, 0, 0, 0, 0, 0, 0 , 10, 0, 0, 2, 0, 0, 0, 0, 0, 0, 0, 0, 0, 0, 0, 0, 0, 0, 0, 0, 8, 6, 0, 21, 0, 0, 0, 0, 0, 0, 0, 0, 0, 0, 0, 0, 0, 0, 0, 0, 10, 6, 0, 13, 0, 0, 0, 0, 0, 0
575388, 0, 0, 0, 0, 0, 0, 0, 0, 0 , 10, 0, 0, 2, 0, 0, 0, 0, 0, 0, 0, 0, 0, 0, 0, 0, 0, 0, 0, 0, 5, 0, 0, 21, 0, 0, 0, 0, 0, 0, 0, 0, 0, 0, 0, 0, 0, 0, 0, 0, 11, 4, 0, 13, 0, 0, 0, 0, 0, 0
575408, 0, 0, 0, 0, 0, 0, 0, 0, 0 , 11, 0, 0, 2, 0, 0, 0, 0, 0, 0, 0, 0, 0, 0, 0, 0, 0, 0, 0, 0, 3, 6, 0, 21, 0, 0, 0, 0, 0, 0, 0, 0, 0, 0, 0, 0, 0, 0, 0, 0, 13, 7, 0, 13, 0, 0, 0, 0, 0, 0
575428, 0, 0, 0, 0, 0, 0, 0, 0, 0 , 10, 6, 0, 2, 0, 0, 0, 0, 0, 0, 0, 0, 0, 0, 0, 0, 0, 0, 0, 0, 6, 0, 0, 21, 0, 0, 0, 0, 0, 0, 0, 0, 0, 0, 0, 0, 0, 0, 0, 0, 11, 6, 0, 13, 0, 0, 0, 0, 0, 0
575448, 0, 0, 0, 0, 0, 0, 0, 0, 0 , 10, 0, 0, 2, 0, 0, 0, 0, 0, 0, 0, 0, 0, 0, 0, 0, 0, 0, 0, 0, 6, 13, 0, 21, 0, 0, 0, 0, 0, 0, 0, 0, 0, 0, 0, 0, 0, 0, 0, 0, 11, 6, 0, 13, 0, 0, 0, 0, 0, 0
575470, 0, 0, 0, 0, 0, 0, 0, 0, 0 , 10, 0, 0, 2, 0, 0, 0, 0, 0, 0, 0, 0, 0, 0, 0, 0, 0, 0, 0, 0, 5, 6, 0, 21, 0, 0, 0, 0, 0, 0, 0, 0, 0, 0, 0, 0, 0, 0, 0, 0, 13, 3, 0, 13, 0, 0, 0, 0, 0, 0
575488, 0, 0, 0, 0, 0, 0, 0, 0, 0 , 11, 0, 0, 2, 0, 0, 0, 0, 0, 0, 0, 0, 0, 0, 0, 0, 0, 0, 0, 0, 7, 6, 0, 21, 0, 0, 0, 0, 0, 0, 0, 0, 0, 0, 0, 0, 0, 0, 0, 0, 7, 2, 0, 13, 0, 0, 0, 0, 0, 0
575508, 0, 0, 0, 0, 0, 0, 0, 0, 0 , 10, 0, 0, 2, 0, 0, 0, 0, 0, 0, 0, 0, 0, 0, 0, 0, 0, 0, 0, 0, 5, 0, 0, 21, 0, 0, 0, 0, 0, 0, 0, 0, 0, 0, 0, 0, 0, 0, 0, 0, 10, 4, 0, 13, 0, 0, 0, 0, 0, 0
575528, 0, 0, 0, 0, 0, 0, 0, 0, 0 , 10, 6, 0, 2, 0, 0, 0, 0, 0, 0, 0, 0, 0, 0, 0, 0, 0, 0, 0, 0, 6, 13, 0, 21, 0, 0, 0, 0, 0, 0, 0, 0, 0, 0, 0, 0, 0, 0, 0, 0, 10, 4, 0, 13, 0, 0, 0, 0, 0, 0
575548, 0, 0, 0, 0, 0, 0, 0, 0, 0 , 10, 6, 0, 2, 0, 0, 0, 0, 0, 0, 0, 0, 0, 0, 0, 0, 0, 0, 0, 0, 7, 0, 0, 21, 0, 0, 0, 0, 0, 0, 0, 0, 0, 0, 0, 0, 0, 0, 0, 0, 10, 7, 0, 13, 0, 0, 0, 0, 0, 0
575568, 0, 0, 0, 0, 0, 0, 0, 0, 0 , 10, 6, 0, 2, 0, 0, 0, 0, 0, 0, 0, 0, 0, 0, 0, 0, 0, 0, 0, 0, 2, 13, 0, 21, 0, 0, 0, 0, 0, 0, 0, 0, 0, 0, 0, 0, 0, 0, 0, 0, 12, 3, 0, 13, 0, 0, 0, 0, 0, 0
575588, 0, 0, 0, 0, 0, 0, 0, 0, 0 , 10, 6, 0, 2, 0, 0, 0, 0, 0, 0, 0, 0, 0, 0, 0, 0, 0, 0, 0, 0, 3, 6, 0, 21, 0, 0, 0, 0, 0, 0, 0, 0, 0, 0, 0, 0, 0, 0, 0, 0, 15, 4, 0, 13, 0, 0, 0, 0, 0, 0
575620, 0, 0, 0, 0, 0, 0, 0, 0, 0 , 11, 0, 0, 2, 0, 0, 0, 0, 0, 0, 0, 0, 0, 0, 0, 0, 0, 0, 0, 0, 5, 6, 0, 21, 0, 0, 0, 0, 0, 0, 0, 0, 0, 0, 0, 0, 0, 0, 0, 0, 13, 7, 0, 13, 0, 0, 0, 0, 0, 0
575648, 0, 0, 0, 0, 0, 0, 0, 0, 0 , 11, 0, 0, 2, 0, 0, 0, 0, 0, 0, 0, 0, 0, 0, 0, 0, 0, 0, 0, 0, 3, 6, 0, 21, 0, 0, 0, 0, 0, 0, 0, 0, 0, 0, 0, 0, 0, 0, 0, 0, 8, 4, 0, 13, 0, 0, 0, 0, 0, 0
575668, 0, 0, 0, 0, 0, 0, 0, 0, 0 , 10, 0, 0, 2, 0, 0, 0, 0, 0, 0, 0, 0, 0, 0, 0, 0, 0, 0, 0, 0, 3, 13, 0, 21, 0, 0, 0, 0, 0, 0, 0, 0, 0, 0, 0, 0, 0, 0, 0, 0, 11, 4, 0, 13, 0, 0, 0, 0, 0, 0
575688, 0, 0, 0, 0, 0, 0, 0, 0, 0 , 10, 6, 0, 2, 0, 0, 0, 0, 0, 0, 0, 0, 0, 0, 0, 0, 0, 0, 0, 0, 5, 0, 0, 21, 0, 0, 0, 0, 0, 0, 0, 0, 0, 0, 0, 0, 0, 0, 0, 0, 10, 3, 0, 13, 0, 0, 0, 0, 0, 0
575708, 0, 0, 0, 0, 0, 0, 0, 0, 0 , 10, 0, 0, 2, 0, 0, 0, 0, 0, 0, 0, 0, 0, 0, 0, 0, 0, 0, 0, 0, 5, 6, 0, 21, 0, 0, 0, 0, 0, 0, 0, 0, 0, 0, 0, 0, 0, 0, 0, 0, 10, 2, 0, 13, 0, 0, 0, 0, 0, 0
575728, 0, 0, 0, 0, 0, 0, 0, 0, 0 , 10, 0, 0, 2, 0, 0, 0, 0, 0, 0, 0, 0, 0, 0, 0, 0, 0, 0, 0, 0, 2, 6, 0, 21, 0, 0, 0, 0, 0, 0, 0, 0, 0, 0, 0, 0, 0, 0, 0, 0, 11, 3, 0, 13, 0, 0, 0, 0, 0, 0
575848, 0, 0, 0, 0, 0, 0, 0, 0, 0 , 8, 0, 0, 2, 0, 0, 0, 0, 0, 0, 0, 0, 0, 0, 0, 0, 0, 0, 0, 0, 3, 6, 0, 21, 0, 0, 0, 0, 0, 0, 0, 0, 0, 0, 0, 0, 0, 0, 0, 0, 10, 4, 0, 13, 0, 0, 0, 0, 0, 0
575868, 0, 0, 0, 0, 0, 0, 0, 0, 0 , 10, 0, 0, 2, 0, 0, 0, 0, 0, 0, 0, 0, 0, 0, 0, 0, 0, 0, 0, 0, 7, 13, 0, 21, 0, 0, 0, 0, 0, 0, 0, 0, 0, 0, 0, 0, 0, 0, 0, 0, 8, 2, 0, 13, 0, 0, 0, 0, 0, 0
575888, 0, 0, 0, 0, 0, 0, 0, 0, 0 , 10, 0, 0, 2, 0, 0, 0, 0, 0, 0, 0, 0, 0, 0, 0, 0, 0, 0, 0, 0, 1, 6, 0, 21, 0, 0, 0, 0, 0, 0, 0, 0, 0, 0, 0, 0, 0, 0, 0, 0, 11, 6, 0, 13, 0, 0, 0, 0, 0, 0
575920, 0, 0, 0, 0, 0, 0, 0, 0, 0 , 10, 0, 0, 2, 0, 0, 0, 0, 0, 0, 0, 0, 0, 0, 0, 0, 0, 0, 0, 0, 10, 6, 0, 21, 0, 0, 0, 0, 0, 0, 0, 0, 0, 0, 0, 0, 0, 0, 0, 0, 10, 2, 0, 13, 0, 0, 0, 0, 0, 0
575948, 0, 0, 0, 0, 0, 0, 0, 0, 0 , 10, 0, 0, 2, 0, 0, 0, 0, 0, 0, 0, 0, 0, 0, 0, 0, 0, 0, 0, 0, 5, 13, 0, 21, 0, 0, 0, 0, 0, 0, 0, 0, 0, 0, 0, 0, 0, 0, 0, 0, 12, 3, 0, 13, 0, 0, 0, 0, 0, 0
575968, 0, 0, 0, 0, 0, 0, 0, 0, 0 , 10, 0, 0, 2, 0, 0, 0, 0, 0, 0, 0, 0, 0, 0, 0, 0, 0, 0, 0, 0, 5, 13, 0, 21, 0, 0, 0, 0, 0, 0, 0, 0, 0, 0, 0, 0, 0, 0, 0, 0, 12, 6, 0, 13, 0, 0, 0, 0, 0, 0
575988, 0, 0, 0, 0, 0, 0, 0, 0, 0 , 10, 0, 0, 2, 0, 0, 0, 0, 0, 0, 0, 0, 0, 0, 0, 0, 0, 0, 0, 0, 6, 13, 0, 21, 0, 0, 0, 0, 0, 0, 0, 0, 0, 0, 0, 0, 0, 0, 0, 0, 11, 4, 0, 13, 0, 0, 0, 0, 0, 0
576008, 0, 0, 0, 0, 0, 0, 0, 0, 0 , 11, 0, 0, 2, 0, 0, 0, 0, 0, 0, 0, 0, 0, 0, 0, 0, 0, 0, 0, 0, 6, 13, 0, 21, 0, 0, 0, 0, 0, 0, 0, 0, 0, 0, 0, 0, 0, 0, 0, 0, 11, 7, 0, 13, 0, 0, 0, 0, 0, 0
576028, 0, 0, 0, 0, 0, 0, 0, 0, 0 , 10, 6, 0, 2, 0, 0, 0, 0, 0, 0, 0, 0, 0, 0, 0, 0, 0, 0, 0, 0, 7, 13, 0, 21, 0, 0, 0, 0, 0, 0, 0, 0, 0, 0, 0, 0, 0, 0, 0, 0, 11, 4, 0, 13, 0, 0, 0, 0, 0, 0
576048, 0, 0, 0, 0, 0, 0, 0, 0, 0 , 11, 0, 0, 2, 0, 0, 0, 0, 0, 0, 0, 0, 0, 0, 0, 0, 0, 0, 0, 0, 6, 13, 0, 21, 0, 0, 0, 0, 0, 0, 0, 0, 0, 0, 0, 0, 0, 0, 0, 0, 12, 4, 0, 13, 0, 0, 0, 0, 0, 0
576070, 0, 0, 0, 0, 0, 0, 0, 0, 0 , 10, 0, 0, 2, 0, 0, 0, 0, 0, 0, 0, 0, 0, 0, 0, 0, 0, 0, 0, 0, 5, 6, 0, 21, 0, 0, 0, 0, 0, 0, 0, 0, 0, 0, 0, 0, 0, 0, 0, 0, 7, 3, 0, 13, 0, 0, 0, 0, 0, 0
576088, 0, 0, 0, 0, 0, 0, 0, 0, 0 , 10, 0, 0, 2, 0, 0, 0, 0, 0, 0, 0, 0, 0, 0, 0, 0, 0, 0, 0, 0, 6, 13, 0, 21, 0, 0, 0, 0, 0, 0, 0, 0, 0, 0, 0, 0, 0, 0, 0, 0, 11, 4, 0, 13, 0, 0, 0, 0, 0, 0
576108, 0, 0, 0, 0, 0, 0, 0, 0, 0 , 10, 0, 0, 2, 0, 0, 0, 0, 0, 0, 0, 0, 0, 0, 0, 0, 0, 0, 0, 0, 8, 6, 0, 21, 0, 0, 0, 0, 0, 0, 0, 0, 0, 0, 0, 0, 0, 0, 0, 0, 11, 6, 0, 13, 0, 0, 0, 0, 0, 0
576128, 0, 0, 0, 0, 0, 0, 0, 0, 0 , 10, 6, 0, 2, 0, 0, 0, 0, 0, 0, 0, 0, 0, 0, 0, 0, 0, 0, 0, 0, 3, 6, 0, 21, 0, 0, 0, 0, 0, 0, 0, 0, 0, 0, 0, 0, 0, 0, 0, 0, 11, 4, 0, 13, 0, 0, 0, 0, 0, 0
576148, 0, 0, 0, 0, 0, 0, 0, 0, 0 , 10, 6, 0, 2, 0, 0, 0, 0, 0, 0, 0, 0, 0, 0, 0, 0, 0, 0, 0, 0, 2, 6, 0, 21, 0, 0, 0, 0, 0, 0, 0, 0, 0, 0, 0, 0, 0, 0, 0, 0, 11, 3, 0, 13, 0, 0, 0, 0, 0, 0
576168, 0, 0, 0, 0, 0, 0, 0, 0, 0 , 10, 0, 0, 2, 0, 0, 0, 0, 0, 0, 0, 0, 0, 0, 0, 0, 0, 0, 0, 0, 6, 13, 0, 21, 0, 0, 0, 0, 0, 0, 0, 0, 0, 0, 0, 0, 0, 0, 0, 0, 10, 4, 0, 13, 0, 0, 0, 0, 0, 0
576188, 0, 0, 0, 0, 0, 0, 0, 0, 0 , 10, 0, 0, 2, 0, 0, 0, 0, 0, 0, 0, 0, 0, 0, 0, 0, 0, 0, 0, 0, 3, 6, 0, 21, 0, 0, 0, 0, 0, 0, 0, 0, 0, 0, 0, 0, 0, 0, 0, 0, 10, 3, 0, 13, 0, 0, 0, 0, 0, 0
576220, 0, 0, 0, 0, 0, 0, 0, 0, 0 , 10, 6, 0, 2, 0, 0, 0, 0, 0, 0, 0, 0, 0, 0, 0, 0, 0, 0, 0, 0, 5, 6, 0, 21, 0, 0, 0, 0, 0, 0, 0, 0, 0, 0, 0, 0, 0, 0, 0, 0, 8, 4, 0, 13, 0, 0, 0, 0, 0, 0
576268, 0, 0, 0, 0, 0, 0, 0, 0, 0 , 11, 0, 0, 2, 0, 0, 0, 0, 0, 0, 0, 0, 0, 0, 0, 0, 0, 0, 0, 0, 6, 0, 0, 21, 0, 0, 0, 0, 0, 0, 0, 0, 0, 0, 0, 0, 0, 0, 0, 0, 10, 6, 0, 13, 0, 0, 0, 0, 0, 0
576288, 0, 0, 0, 0, 0, 0, 0, 0, 0 , 11, 0, 0, 2, 0, 0, 0, 0, 0, 0, 0, 0, 0, 0, 0, 0, 0, 0, 0, 0, 7, 13, 0, 21, 0, 0, 0, 0, 0, 0, 0, 0, 0, 0, 0, 0, 0, 0, 0, 0, 10, 7, 0, 13, 0, 0, 0, 0, 0, 0
576308, 0, 0, 0, 0, 0, 0, 0, 0, 0 , 10, 6, 0, 2, 0, 0, 0, 0, 0, 0, 0, 0, 0, 0, 0, 0, 0, 0, 0, 0, 5, 13, 0, 21, 0, 0, 0, 0, 0, 0, 0, 0, 0, 0, 0, 0, 0, 0, 0, 0, 10, 3, 0, 13, 0, 0, 0, 0, 0, 0
576328, 0, 0, 0, 0, 0, 0, 0, 0, 0 , 10, 0, 0, 2, 0, 0, 0, 0, 0, 0, 0, 0, 0, 0, 0, 0, 0, 0, 0, 0, 6, 0, 0, 21, 0, 0, 0, 0, 0, 0, 0, 0, 0, 0, 0, 0, 0, 0, 0, 0, 10, 6, 0, 13, 0, 0, 0, 0, 0, 0
576348, 0, 0, 0, 0, 0, 0, 0, 0, 0 , 11, 0, 0, 2, 0, 0, 0, 0, 0, 0, 0, 0, 0, 0, 0, 0, 0, 0, 0, 0, 3, 0, 0, 21, 0, 0, 0, 0, 0, 0, 0, 0, 0, 0, 0, 0, 0, 0, 0, 0, 11, 3, 0, 13, 0, 0, 0, 0, 0, 0
576370, 0, 0, 0, 0, 0, 0, 0, 0, 0 , 10, 0, 0, 2, 0, 0, 0, 0, 0, 0, 0, 0, 0, 0, 0, 0, 0, 0, 0, 0, 3, 6, 0, 21, 0, 0, 0, 0, 0, 0, 0, 0, 0, 0, 0, 0, 0, 0, 0, 0, 12, 4, 0, 13, 0, 0, 0, 0, 0, 0
576388, 0, 0, 0, 0, 0, 0, 0, 0, 0 , 10, 0, 0, 2, 0, 0, 0, 0, 0, 0, 0, 0, 0, 0, 0, 0, 0, 0, 0, 0, 6, 6, 0, 21, 0, 0, 0, 0, 0, 0, 0, 0, 0, 0, 0, 0, 0, 0, 0, 0, 11, 7, 0, 13, 0, 0, 0, 0, 0, 0
576408, 0, 0, 0, 0, 0, 0, 0, 0, 0 , 10, 0, 0, 2, 0, 0, 0, 0, 0, 0, 0, 0, 0, 0, 0, 0, 0, 0, 0, 0, 7, 0, 0, 21, 0, 0, 0, 0, 0, 0, 0, 0, 0, 0, 0, 0, 0, 0, 0, 0, 8, 6, 0, 13, 0, 0, 0, 0, 0, 0
576428, 0, 0, 0, 0, 0, 0, 0, 0, 0 , 10, 6, 0, 2, 0, 0, 0, 0, 0, 0, 0, 0, 0, 0, 0, 0, 0, 0, 0, 0, 1, 6, 0, 21, 0, 0, 0, 0, 0, 0, 0, 0, 0, 0, 0, 0, 0, 0, 0, 0, 13, 4, 0, 13, 0, 0, 0, 0, 0, 0
576448, 0, 0, 0, 0, 0, 0, 0, 0, 0 , 10, 0, 0, 2, 0, 0, 0, 0, 0, 0, 0, 0, 0, 0, 0, 0, 0, 0, 0, 0, 7, 6, 0, 21, 0, 0, 0, 0, 0, 0, 0, 0, 0, 0, 0, 0, 0, 0, 0, 0, 12, 6, 0, 13, 0, 0, 0, 0, 0, 0
576468, 0, 0, 0, 0, 0, 0, 0, 0, 0 , 10, 0, 0, 2, 0, 0, 0, 0, 0, 0, 0, 0, 0, 0, 0, 0, 0, 0, 0, 0, 5, 16, 0, 21, 0, 0, 0, 0, 0, 0, 0, 0, 0, 0, 0, 0, 0, 0, 0, 0, 10, 3, 0, 13, 0, 0, 0, 0, 0, 0
576488, 0, 0, 0, 0, 0, 0, 0, 0, 0 , 10, 0, 0, 2, 0, 0, 0, 0, 0, 0, 0, 0, 0, 0, 0, 0, 0, 0, 0, 0, 6, 13, 0, 21, 0, 0, 0, 0, 0, 0, 0, 0, 0, 0, 0, 0, 0, 0, 0, 0, 8, 4, 0, 13, 0, 0, 0, 0, 0, 0
576520, 0, 0, 0, 0, 0, 0, 0, 0, 0 , 11, 0, 0, 2, 0, 0, 0, 0, 0, 0, 0, 0, 0, 0, 0, 0, 0, 0, 0, 0, 7, 6, 0, 21, 0, 0, 0, 0, 0, 0, 0, 0, 0, 0, 0, 0, 0, 0, 0, 0, 8, 4, 0, 13, 0, 0, 0, 0, 0, 0
576548, 0, 0, 0, 0, 0, 0, 0, 0, 0 , 10, 6, 0, 2, 0, 0, 0, 0, 0, 0, 0, 0, 0, 0, 0, 0, 0, 0, 0, 0, 6, 0, 0, 21, 0, 0, 0, 0, 0, 0, 0, 0, 0, 0, 0, 0, 0, 0, 0, 0, 12, 3, 0, 13, 0, 0, 0, 0, 0, 0
576568, 0, 0, 0, 0, 0, 0, 0, 0, 0 , 10, 6, 0, 2, 0, 0, 0, 0, 0, 0, 0, 0, 0, 0, 0, 0, 0, 0, 0, 0, 5, 6, 0, 21, 0, 0, 0, 0, 0, 0, 0, 0, 0, 0, 0, 0, 0, 0, 0, 0, 10, 3, 0, 13, 0, 0, 0, 0, 0, 0
576588, 0, 0, 0, 0, 0, 0, 0, 0, 0 , 11, 0, 0, 2, 0, 0, 0, 0, 0, 0, 0, 0, 0, 0, 0, 0, 0, 0, 0, 0, 7, 6, 0, 21, 0, 0, 0, 0, 0, 0, 0, 0, 0, 0, 0, 0, 0, 0, 0, 0, 13, 4, 0, 13, 0, 0, 0, 0, 0, 0
576608, 0, 0, 0, 0, 0, 0, 0, 0, 0 , 10, 0, 0, 2, 0, 0, 0, 0, 0, 0, 0, 0, 0, 0, 0, 0, 0, 0, 0, 0, 6, 0, 0, 21, 0, 0, 0, 0, 0, 0, 0, 0, 0, 0, 0, 0, 0, 0, 0, 0, 8, 4, 0, 13, 0, 0, 0, 0, 0, 0
576628, 0, 0, 0, 0, 0, 0, 0, 0, 0 , 10, 0, 0, 2, 0, 0, 0, 0, 0, 0, 0, 0, 0, 0, 0, 0, 0, 0, 0, 0, 6, 6, 0, 21, 0, 0, 0, 0, 0, 0, 0, 0, 0, 0, 0, 0, 0, 0, 0, 0, 11, 4, 0, 13, 0, 0, 0, 0, 0, 0
576648, 0, 0, 0, 0, 0, 0, 0, 0, 0 , 10, 0, 0, 2, 0, 0, 0, 0, 0, 0, 0, 0, 0, 0, 0, 0, 0, 0, 0, 0, 5, 6, 0, 21, 0, 0, 0, 0, 0, 0, 0, 0, 0, 0, 0, 0, 0, 0, 0, 0, 12, 3, 0, 13, 0, 0, 0, 0, 0, 0
576670, 0, 0, 0, 0, 0, 0, 0, 0, 0 , 10, 0, 0, 2, 0, 0, 0, 0, 0, 0, 0, 0, 0, 0, 0, 0, 0, 0, 0, 0, 3, 6, 0, 21, 0, 0, 0, 0, 0, 0, 0, 0, 0, 0, 0, 0, 0, 0, 0, 0, 8, 3, 0, 13, 0, 0, 0, 0, 0, 0
576688, 0, 0, 0, 0, 0, 0, 0, 0, 0 , 10, 0, 0, 2, 0, 0, 0, 0, 0, 0, 0, 0, 0, 0, 0, 0, 0, 0, 0, 0, 7, 6, 0, 21, 0, 0, 0, 0, 0, 0, 0, 0, 0, 0, 0, 0, 0, 0, 0, 0, 7, 4, 0, 13, 0, 0, 0, 0, 0, 0
576708, 0, 0, 0, 0, 0, 0, 0, 0, 0 , 10, 0, 0, 2, 0, 0, 0, 0, 0, 0, 0, 0, 0, 0, 0, 0, 0, 0, 0, 0, 7, 6, 0, 21, 0, 0, 0, 0, 0, 0, 0, 0, 0, 0, 0, 0, 0, 0, 0, 0, 12, 2, 0, 13, 0, 0, 0, 0, 0, 0
576728, 0, 0, 0, 0, 0, 0, 0, 0, 0 , 10, 0, 0, 2, 0, 0, 0, 0, 0, 0, 0, 0, 0, 0, 0, 0, 0, 0, 0, 0, 3, 13, 0, 21, 0, 0, 0, 0, 0, 0, 0, 0, 0, 0, 0, 0, 0, 0, 0, 0, 12, 4, 0, 13, 0, 0, 0, 0, 0, 0
576748, 0, 0, 0, 0, 0, 0, 0, 0, 0 , 10, 6, 0, 2, 0, 0, 0, 0, 0, 0, 0, 0, 0, 0, 0, 0, 0, 0, 0, 0, 6, 6, 0, 21, 0, 0, 0, 0, 0, 0, 0, 0, 0, 0, 0, 0, 0, 0, 0, 0, 10, 4, 0, 13, 0, 0, 0, 0, 0, 0
576768, 0, 0, 0, 0, 0, 0, 0, 0, 0 , 10, 0, 0, 2, 0, 0, 0, 0, 0, 0, 0, 0, 0, 0, 0, 0, 0, 0, 0, 0, 3, 6, 0, 21, 0, 0, 0, 0, 0, 0, 0, 0, 0, 0, 0, 0, 0, 0, 0, 0, 10, 4, 0, 13, 0, 0, 0, 0, 0, 0
576788, 0, 0, 0, 0, 0, 0, 0, 0, 0 , 10, 0, 0, 2, 0, 0, 0, 0, 0, 0, 0, 0, 0, 0, 0, 0, 0, 0, 0, 0, 6, 6, 0, 21, 0, 0, 0, 0, 0, 0, 0, 0, 0, 0, 0, 0, 0, 0, 0, 0, 13, 4, 0, 13, 0, 0, 0, 0, 0, 0
576820, 0, 0, 0, 0, 0, 0, 0, 0, 0 , 11, 0, 0, 2, 0, 0, 0, 0, 0, 0, 0, 0, 0, 0, 0, 0, 0, 0, 0, 0, 8, 0, 0, 21, 0, 0, 0, 0, 0, 0, 0, 0, 0, 0, 0, 0, 0, 0, 0, 0, 11, 4, 0, 13, 0, 0, 0, 0, 0, 0
576848, 0, 0, 0, 0, 0, 0, 0, 0, 0 , 11, 0, 0, 2, 0, 0, 0, 0, 0, 0, 0, 0, 0, 0, 0, 0, 0, 0, 0, 0, 5, 0, 0, 21, 0, 0, 0, 0, 0, 0, 0, 0, 0, 0, 0, 0, 0, 0, 0, 0, 11, 6, 0, 13, 0, 0, 0, 0, 0, 0
576868, 0, 0, 0, 0, 0, 0, 0, 0, 0 , 10, 0, 0, 2, 0, 0, 0, 0, 0, 0, 0, 0, 0, 0, 0, 0, 0, 0, 0, 0, 5, 0, 0, 21, 0, 0, 0, 0, 0, 0, 0, 0, 0, 0, 0, 0, 0, 0, 0, 0, 10, 3, 0, 13, 0, 0, 0, 0, 0, 0
576888, 0, 0, 0, 0, 0, 0, 0, 0, 0 , 11, 0, 0, 2, 0, 0, 0, 0, 0, 0, 0, 0, 0, 0, 0, 0, 0, 0, 0, 0, 5, 6, 0, 21, 0, 0, 0, 0, 0, 0, 0, 0, 0, 0, 0, 0, 0, 0, 0, 0, 12, 4, 0, 13, 0, 0, 0, 0, 0, 0
